title,score
american psycho,0.4959547818
bamboozled,0.4959547818
cast away,0.4959547818
george washington,0.4959547818
gladiator,0.4959547818
